,UNITID,Rank,Institution,All federal R&D expenditures,,DOD,,DOE,,HHS,,NASA,,NSF,,USDA,,Othera,
,,,All institutions,"38,793,542",,"5,312,956",,"1,770,809",,"20,658,827",,"1,491,911",,"5,114,206",,"1,208,710",,"3,236,123",
,162928,1,Johns Hopkins U.b,"2,104,653",,"1,037,685",,"9,125",,"618,525",,"252,470",,"37,379",,537,,"148,932",
,236948,2,"U. Washington, Seattle","946,787",,"85,472",,"30,932",,"612,050",,"16,815",,"113,679",,"15,404",,"72,435",
,170976,3,"U. Michigan, Ann Arbor","786,749",,"79,997",,"40,522",,"493,159",,"51,541",,"83,587",,"2,589",,"35,354",
,243744,4,Stanford U.,"694,693",,"82,737",,"26,299",,"468,993",,"18,112",,"83,761",,201,,"14,590",
,215062,5,U. Pennsylvania,"655,791",,"55,334",,"10,187",,"529,947",,"3,823",,"40,912",,834,,"14,754",
,199120,6,"U. North Carolina, Chapel Hill","632,426",,"14,909",,"7,977",,"477,749",,"1,031",,"39,362",,"1,443",,"89,955",
,110680,7,"U. California, San Diego","604,298",,"77,522",,"19,793",,"380,903",,"8,555",,"84,550",,326,,"32,649",
,110699,8,"U. California, San Francisco","602,705",,"21,949",,300,,"523,341",,859,,"4,900",,0,,"51,356",
,190150,9,Columbia U. in the City of New York,"600,457",,"35,113",,"12,518",,"414,592",,"20,798",,"97,190",,756,,"19,490",
,215293,10,"U. Pittsburgh, Pittsburgh","580,650",,"42,008",,"7,837",,"492,151",,976,,"24,918",,84,,"12,676",
,198419,11,Duke U.,"575,521",,"57,998",,"12,282",,"444,094",,"3,404",,"38,832",,"1,057",,"17,854",
,139755,12,Georgia Institute of Technology,"568,430",,"396,202",,"29,364",,"35,139",,"13,881",,"70,832",,"1,399",,"21,613",
,240444,13,U. Wisconsin-Madison,"567,132",,"26,141",,"65,226",,"298,817",,"12,000",,"89,389",,"28,778",,"46,781",
,166027,14,Harvard U.,"558,611",,"53,126",,"17,971",,"409,336",,"8,987",,"54,074",,246,,"14,871",
,214777,15,"Pennsylvania State U., University Park and Hershey Medical Center","538,938",,"215,261",,"33,909",,"134,205",,"13,632",,"67,271",,"28,893",,"45,767",
,166683,16,Massachusetts Institute of Technology,"503,858",,"135,565",,"85,024",,"115,623",,"51,471",,"97,033",,0,,"19,142",
,130794,17,Yale U.,"503,221",,"21,421",,"11,553",,"422,522",,"3,829",,"37,180",,"1,970",,"4,746",
,110592,18,"U. California, Los Angeles","487,869",,"38,600",,"21,870",,"336,790",,"19,525",,"63,344",,309,,"7,431",
,174066,19,"U. Minnesota, Twin Cities","469,260",,"20,952",,"19,783",,"301,157",,"9,480",,"73,547",,"25,678",,"18,663",
,204857,20,Ohio State U.,"454,834",,"31,672",,"19,105",,"239,212",,"7,329",,"53,077",,"31,461",,"72,978",
,179867,21,"Washington U., Saint Louis","442,335",,"10,334",,"11,158",,"391,529",,"7,646",,"18,016",,308,,"3,344",
,147767,22,Northwestern U.,"432,413",,"38,566",,"21,294",,"305,371",,"3,440",,"48,927",,37,,"14,778",
,190415,23,Cornell U.,"430,987",,"30,988",,"18,611",,"209,885",,"9,722",,"109,545",,"37,952",,"14,284",
,123961,24,U. Southern California,"409,516",,"74,345",,"8,168",,"254,261",,"4,696",,"42,954",,601,,"24,491",
,221999,25,Vanderbilt U.,"405,589",,"29,424",,"10,182",,"325,965",,"1,026",,"20,569",,331,,"18,092",
,126614,26,U. Colorado Boulder,"371,995",,"30,380",,"24,057",,"47,855",,"102,176",,"79,795",,"1,230",,"86,502",
,163286,27,"U. Maryland, College Park","369,285",,"82,419",,"18,429",,"48,566",,"55,402",,"57,157",,"27,938",,"79,374",
,139658,28,Emory U.,"361,288",,"8,903",,"1,063",,"328,754",,"1,766",,"12,978",,438,,"7,386",
,228778,29,"U. Texas, Austin","357,309",,"134,638",,"41,287",,"68,312",,"12,340",,"78,961",,400,,"21,371",
,193900,30,New York U.,"350,355",,"11,576",,"4,522",,"290,768",,715,,"31,908",,885,,"9,981",
,100663,31,"U. Alabama, Birmingham","348,632",,"20,177",,"7,256",,"299,666",,"10,812",,"5,665",,44,,"5,012",
,193405,32,Icahn School of Medicine at Mt. Sinai,"342,104",,"5,527",,0,,"335,260",,176,,725,,0,,416,
,110635,33,"U. California, Berkeley","341,807",,"35,827",,"28,357",,"117,874",,"56,480",,"75,232",,"4,474",,"23,563",
,110644,34,"U. California, Davis","339,209",,"17,929",,"13,557",,"179,504",,"3,742",,"45,289",,"32,771",,"46,417",
,145637,35,"U. Illinois, Urbana-Champaign","335,056",,"42,948",,"43,031",,"61,055",,"8,244",,"127,024",,"19,843",,"32,911",
,186380,36,"Rutgers, State U. New Jersey, New Brunswick","321,432",,"15,288",,"9,085",,"187,928",,"1,640",,"53,625",,"14,938",,"38,928",
,201645,37,Case Western Reserve U.,"321,214",,"13,906",,"4,608",,"285,004",,"3,045",,"13,619",,84,,948,
,171100,38,Michigan State U.,"310,225",,"9,550",,"100,039",,"56,359",,"2,798",,"72,873",,"34,709",,"33,897",
,134130,39,U. Florida,"307,140",,"27,814",,"13,199",,"161,207",,"5,078",,"44,700",,"33,270",,"21,872",
,126562,40,U. Colorado Denver and Anschutz Medical Campus,"298,960",,"7,892",,0,,"271,914",,0,,"4,390",,41,,"14,723",
,144050,41,U. Chicago,"297,953",,"18,668",,"9,885",,"209,237",,"4,788",,"50,276",,135,,"4,964",
set as Tx A&M-San Antonio,459949,42,"Texas A&M U., College Station and Health Science Center","293,551",,"17,103",,"28,326",,"59,456",,"9,081",,"100,344",,"28,784",,"50,457",
,223232,43,Baylor C. of Medicine,"267,849",,"10,196",,0,,"217,583",,"19,479",,"3,074",,"16,588",,929,
,195030,44,U. Rochester,"266,322",,"6,326",,"69,787",,"172,093",,"1,891",,"15,613",,11,,601,
,110404,45,California Institute of Technology,"265,206",,"28,592",,"24,947",,"63,384",,"52,639",,"89,490",,139,,"6,015",
,104179,46,U. Arizona,"262,989",,"20,650",,"10,170",,"96,847",,"49,315",,"54,999",,"11,009",,"19,999",
,164988,47,Boston U.,"253,475",,"19,480",,"6,160",,"189,425",,"6,064",,"25,229",,167,,"6,950",
"10550 N Torrey Pines Rd, La Jolla, CA 92037",,48,Scripps Research Institute,"242,489",,"4,373",,570,,"213,960",,"1,121",,"3,876",,0,,"18,589",
,153658,49,U. Iowa,"237,743",,"10,702",,"2,833",,"187,346",,"10,465",,"13,032",,993,,"12,372",
,230764,50,U. Utah,"233,652",,"18,295",,"18,945",,"150,814",,"2,843",,"37,051",,606,,"5,098",
,209490,51,Oregon Health and Science U.,"232,688",,"8,128",,214,,"216,151",,"1,430",,"5,214",,341,,"1,210",
,126818,52,"Colorado State U., Fort Collins","232,108",,"60,101",,"11,379",,"37,283",,"8,700",,"32,927",,"35,158",,"46,560",
,201885,53,U. Cincinnati,"231,817",,"6,834",,"1,546",,"207,016",,702,,"10,920",,51,,"4,748",
,243780,54,"Purdue U., West Lafayette","229,093",,"34,541",,"21,888",,"42,143",,"6,861",,"65,203",,"30,734",,"27,723",
,137351,55,"U. South Florida, Tampa","228,365",,"5,242",,"1,866",,"149,677",,"3,386",,"13,771",,711,,"53,712",
,151351,56,"Indiana U., Bloomington","221,801",,"14,792",,"7,718",,"158,085",,"1,619",,"31,418",,320,,"7,849",
,448886,57,Arizona State U.,"212,396",,"32,184",,"17,326",,"56,774",,"27,141",,"58,610",,"1,132",,"19,229",
,234076,58,"U. Virginia, Charlottesville","210,980",,"24,592",,"6,984",,"133,736",,"3,056",,"21,278",,46,,"21,288",
,163259,59,"U. Maryland, Baltimore","205,988",,"18,509",,18,,"183,391",,697,,"1,320",,245,,"1,808",
,199193,60,North Carolina State U.,"202,336",,"28,180",,"29,032",,"25,476",,"3,232",,"53,595",,"34,727",,"28,094",
,233921,61,Virginia Polytechnic Institute and State U.,"195,859",,"42,177",,"13,976",,"36,715",,"3,860",,"37,153",,"23,430",,"38,548",
,135726,62,U. Miami,"195,328",,"18,718",,756,,"131,281",,"6,080",,"14,083",,461,,"23,949",
,211440,63,Carnegie Mellon U.,"190,620",,"52,563",,"11,313",,"28,864",,"3,573",,"73,066",,352,,"20,889",
,141574,64,"U. Hawaii, Manoa","190,336",,"48,656",,"6,758",,"47,207",,"13,422",,"29,417",,"14,560",,"30,316",
"1300 Morris Park Avenue, New York City, NY 10461",,65,Albert Einstein C. of Medicine,"188,521",,"7,182",i,301,i,"176,372",i,866,i,708,i,278,i,"2,814",i
,145600,66,"U. Illinois, Chicago","187,990",,"6,642",,"4,294",,"141,112",,407,,"20,348",,752,,"14,435",
,228635,67,U. Texas Southwestern Medical Center,"185,263",,"4,033",,2,,"174,406",,"4,094",,"1,349",,0,,"1,379",
,196088,68,"SUNY, U. Buffalo",182883,,25289,,2399,,115701,,2642,,25976,,998,,9878,
,166708,69,"U. Massachusetts, Medical School","181,446",,"6,387",,0,,"172,140",,0,,"1,040",,32,,"1,847",
,110653,70,"U. California, Irvine","177,779",,"13,961",,"9,013",,"104,344",,"5,946",,"36,213",,31,,"8,271",
"4301 Jones Bridge Rd, Bethesda, MD 20814",,71,Uniformed Services U. of the Health Sciences,"175,007",,"145,347",,398,,"29,040",,0,,0,,0,,222,
"266 Woods Hole Road, Woods Hole, MA 02543",,72,Woods Hole Oceanographic Institution,"166,010",,"40,952",,221,,"2,259",,"8,197",,"92,565",,2,,"21,814",
,186131,73,Princeton U.,"162,003",,"26,103",,"14,029",,"45,895",,"6,960",,"57,197",,240,,"11,579",
,187985,74,U. New Mexico,"159,280",,"18,439",,"8,730",,"88,071",,"2,818",,"28,412",,784,,"12,026",
,209542,75,Oregon State U.,"158,142",,"12,124",,"15,312",,"17,586",,"8,433",,"46,681",,"32,515",,"25,491",
,416801,76,U. Texas M. D. Anderson Cancer Center,"155,044",,"3,745",,0,,"150,280",,237,,607,,0,,175,
,157085,77,U. Kentucky,"154,559",,"3,352",,"7,767",,"100,626",,"2,101",,"15,972",,"14,578",,"10,163",
,129020,78,U. Connecticut,"146,390",,"9,547",,"5,245",,"86,255",,"1,889",,"19,595",,"6,347",,"17,512",
,139959,79,U. Georgia,"143,886",,"4,838",,"11,902",,"59,303",,"1,884",,"27,402",,"23,685",,"14,872",
,234030,80,Virginia Commonwealth U.,"143,701",,"12,501",,"1,415",,"105,964",,238,,"5,490",,420,,"17,673",
,131469,81,George Washington U.,"142,889",,"6,087",,"2,393",,"110,100",,979,,"12,483",,489,,"10,358",
,199847,82,Wake Forest U.,"141,052",,"23,981",,364,,"112,209",,516,,"2,423",,120,,"1,439",
,216339,83,Temple U.,"140,775",,"8,439",,"5,443",,"105,638",,283,,"13,692",,"1,355",,"5,925",
,155317,84,U. Kansas,"140,002",,"6,958",,"4,760",,"88,324",,"3,426",,"19,904",,"1,373",,"15,257",
,182670,85,Dartmouth C.,"139,090",,"8,203",,"3,367",,"104,147",,"4,076",,"16,784",,505,,"2,008",
,217156,86,Brown U.,"136,931",,"12,801",,"8,666",,"78,408",,"4,504",,"28,618",,35,,"3,899",
,236939,87,Washington State U.,"136,646",,"7,539",,"17,207",,"26,129",,596,,"17,893",,"42,813",,"24,469",
Health Sci center is 207342,207500,88,"U. Oklahoma, Norman and Health Science Center","134,772",,"6,180",,"8,400",,"64,990",,"3,764",,"13,882",,850,,"36,706",
,134079,89,Florida State U.,"126,289",,"12,506",,"7,184",,"21,371",,"2,549",,"51,255",,516,,"30,908",
,168148,90,Tufts U.,"126,109",,"12,641",,"1,324",,"63,460",,773,,"14,671",,"14,313",,"18,927",
,230728,91,Utah State U.,"125,661",,"60,221",,"4,097",,"6,033",,"13,675",,"12,174",,"13,979",,"15,482",
,153603,92,Iowa State U.,"125,397",,"9,126",,"7,407",,"14,218",,"1,315",,"37,161",,"38,507",,"17,663",
,218335,93,Medical U. South Carolina,"124,212",,"4,981",,"2,213",,"111,030",,159,,993,,0,,"4,836",
,229300,94,"U. Texas Health Science Center, Houston","121,098",,"3,294",,0,,"108,980",,232,,586,,261,,"7,745",
,196097,95,"SUNY, Stony Brook U.","118,549",,"5,762",,"15,336",,"60,070",,"4,824",,"26,546",,248,,"5,763",
,110705,96,"U. California, Santa Barbara","116,775",,"31,346",,"9,058",,"17,374",,"4,016",,"44,450",,0,,"10,531",
,130943,97,U. Delaware,"113,217",,"17,661",,"8,206",,"30,979",,"3,504",,"26,118",,"8,729",,"18,020",
,172644,98,Wayne State U.,"111,532",,"5,287",,"3,045",,"90,109",,162,,"8,164",,83,,"4,682",
,221759,99,"U. Tennessee, Knoxville","109,722",,"10,417",,"44,048",,"6,267",,"2,173",,"34,075",,"1,677",,"11,065",
,178396,100,"U. Missouri, Columbia","108,674",,"8,219",,"3,981",,"47,576",,563,,"20,328",,"18,902",,"9,105",
,239080,101,Medical C. Wisconsin,"108,529",,"5,390",,9,,"99,737",,659,,90,,0,,"2,644",
,166629,102,"U. Massachusetts, Amherst","106,269",,"11,783",,"5,232",,"24,453",,"3,239",,"38,020",,"8,948",,"14,594",
,202480,103,U. Dayton,"100,955",,"76,886",,"1,553",,82,,678,,961,,0,,"20,795",
,228653,104,U. Texas Medical Branch,"100,464",,"5,157",,168,,"91,652",,"1,803",,663,,100,,921,
,181464,105,"U. Nebraska, Lincoln","95,426",,"7,976",,"4,769",,"16,283",,"2,205",,"28,127",,"21,914",,"14,152",
,110714,106,"U. California, Santa Cruz","95,294",,"1,765",,"2,859",,"30,443",,"35,274",,"15,220",,"1,107",,"8,626",
,218663,107,"U. South Carolina, Columbia","93,885",,"4,923",,"8,424",,"54,616",,"1,807",,"14,834",,813,,"8,468",
,183044,108,U. New Hampshire,"93,599",,"2,688",,"1,789",,"13,469",,"18,790",,"20,923",,"11,005",,"24,935",
,102614,109,"U. Alaska, Fairbanks","89,940",,"6,907",,"1,383",,"7,985",,"17,801",,"27,879",,"3,037",,"24,948",
,228644,110,"U. Texas Health Science Center, San Antonio","89,742",,"9,720",,0,,"74,307",,29,,732,,0,,"4,954",
,160755,111,Tulane U.,"89,087",,"2,506",,"1,616",,"74,098",,63,,"6,359",,21,,"4,424",
,132903,112,U. Central Florida,"87,417",,"31,751",,"5,096",,"10,613",,"15,743",,"11,720",,849,,"11,645",
,176080,113,Mississippi State U.,"87,277",,"13,439",,"11,646",,"6,754",,987,,"7,178",,"27,070",,"20,203",
,152080,114,U. Notre Dame,"87,129",,"19,713",,"13,181",,"21,089",,"1,461",,"26,711",,567,,"4,407",
,159391,115,"Louisiana State U., Baton Rouge","86,754",,"5,943",,"5,820",,"34,864",,"2,336",,"15,768",,"10,888",,"11,135",
,131496,116,Georgetown U.,"83,827",,"10,340",,354,,"54,539",,"1,776",,"4,640",,29,,"12,149",
,227757,117,Rice U.,"83,273",,"19,327",,"7,818",,"20,700",,"3,005",,"30,104",,319,,"2,000",
,231174,118,U. Vermont,"83,124",,"2,577",,187,,"58,885",,"1,881",,"10,821",,"6,603",,"2,170",
,167358,119,Northeastern U.,"81,124",,"13,966",,"2,420",,"30,589",,530,,"22,160",,50,,"11,409",
,195049,120,Rockefeller U.,"80,667",,"6,156",,131,,"72,325",,0,,"1,776",,106,,173,
,196060,121,"SUNY, U. Albany","77,734",,"1,482",,417,,"51,087",,456,,"5,221",,180,,"18,891",
,181428,122,"U. Nebraska, Medical Center","76,221",,"5,037",,0,,"69,641",,254,,644,,75,,570,
,133951,123,Florida International U.,"76,127",,"4,328",,"5,156",,"23,260",,547,,"16,220",,"1,323",,"25,293",
,238032,124,West Virginia U.,"72,751",,"1,460",,"14,034",,"28,035",,"4,319",,"10,691",,"8,024",,"6,188",
,157289,125,U. Louisville,"71,760",,"3,902",,38,,"59,881",,546,,"4,455",,313,,"2,625",
,155399,126,Kansas State U.,"71,224",,"2,865",,"7,358",,"9,991",,350,,"13,103",,"26,065",,"11,492",
,110671,127,"U. California, Riverside","70,489",,"7,009",,"6,832",,"18,537",,"1,920",,"23,498",,"8,265",,"4,428",
,100663,128,"U. Alabama, Huntsville","69,824",,"42,163",,365,,123,,"19,653",,"4,043",,506,,"2,971",
,180461,129,"Montana State U., Bozeman","68,471",,"10,698",,"7,304",,"18,910",,"5,297",,"11,912",,"6,471",,"7,879",
,185828,130,New Jersey Institute of Technology,"67,490",,"14,921",,890,,"8,293",,"3,226",,"6,155",,194,,"33,811",
,212054,131,Drexel U.,"67,020",,"8,456",,"2,214",,"37,571",,641,,"13,838",,543,,"3,757",
,209551,132,U. Oregon,"66,850",,"1,213",,"4,964",,"33,697",,200,,"13,211",,378,,"13,187",
,176017,133,U. Mississippi,"64,510",,"5,175",,"1,363",,"42,124",,"1,465",,"3,396",,"8,854",,"2,133",
,240727,134,U. Wyoming,"63,951",,602,,"4,106",,"13,422",,"2,136",,"16,075",,"11,334",,"16,276",
,225511,135,U. Houston,"62,703",,"4,319",,"4,335",,"25,710",,"3,987",,"16,557",,0,,"7,795",
,188049,136,New Mexico State U.,"62,292",,"29,063",,"5,000",,"7,210",,"3,860",,"8,146",,"6,310",,"2,703",
,217475,137,U. Rhode Island,"61,641",,"6,172",,965,,"15,408",,558,,"14,392",,"6,518",,"17,628",
,217882,138,Clemson U.,"60,165",,"4,125",,"5,232",,"6,752",,965,,"14,639",,"4,231",,"24,221",
,216366,139,Thomas Jefferson U.,"58,866",,"2,100",,0,,"56,030",,347,,389,,0,,0,
,232186,140,George Mason U.,"58,864",,"17,597",,478,,"8,866",,"6,970",,"10,264",,426,,"14,263",
,119678,141,Naval Postgraduate School,"56,045",,"52,304",,"1,210",,0,,143,,"2,075",,0,,313,
,100858,142,"Auburn U., Auburn","54,751",,"5,059",,"2,246",,"10,571",,"1,275",,"8,664",,"10,513",,"16,423",
,182290,143,"U. Nevada, Reno","53,371",,"1,289",,"7,427",,"20,979",,684,,"8,729",,"4,364",,"9,899",
,139940,144,Georgia State U.,"52,351",,"2,576",,"1,191",,"34,089",,616,,"6,058",,260,,"7,561",
,194824,145,Rensselaer Polytechnic Institute,"52,163",,"9,129",,"6,814",,"11,954",,994,,"19,697",,49,,"3,526",
,142285,146,U. Idaho,"51,295",,"3,523",,"3,838",,"8,316",,"2,493",,"11,802",,"15,858",,"5,465",
,163268,147,"U. Maryland, Baltimore County","50,984",,"7,952",,407,,"12,811",,"19,246",,"8,524",,458,,"1,586",
"1 Bungtown Rd, Cold Spring Harbor, NY 11724",,148,Cold Spring Harbor Laboratory,"50,478",,"1,381",,"1,109",,"37,854",,0,,"7,401",,917,,"1,816",
,148511,149,Rush U.,"50,332",,93,,0,,"50,001",,0,,69,,0,,169,
,482149,150,Augusta U.,"50,294",,"1,051",,0,,"48,887",,0,,356,,0,,0,
,202134,151,Cleveland State U.,"49,925",,"2,095",,43,,"44,897",,546,,"1,562",,0,,782,
,106263,152,U. Arkansas for Medical Sciences,"48,999",,"1,064",,0,,"46,183",,"1,095",,147,,0,,510,
,165015,153,Brandeis U.,"48,273",,829,,"1,864",,"36,382",,0,,"6,462",,0,,"2,736",
,128328,154,U.S. Air Force Academy,"46,958",,"44,934",,114,,0,,247,,197,,0,,"1,466",
,122409,155,San Diego State U.,"44,495",,"3,792",,"1,060",,"27,710",,"1,523",,"8,392",,124,,"1,894",
,207388,156,"Oklahoma State U., Stillwater","42,976",,"7,754",,"2,515",,"6,214",,441,,"9,878",,"9,307",,"6,867",
,200280,157,U. North Dakota,"42,425",,273,,"17,433",,"11,270",,"5,242",,"3,745",,"2,164",,"2,298",
,228796,158,"U. Texas, El Paso","42,423",,"4,714",,"1,304",,"14,527",,"2,669",,"10,551",,"1,936",,"6,722",
,106360,159,"U. Arkansas, Fayetteville","40,642",,"1,236",,"1,725",,"2,275",,"1,006",,"11,053",,"13,187",,"10,160",
,232982,160,Old Dominion U.,"39,743",,"5,609",,"3,767",,"5,073",,"3,141",,"6,814",,52,,"15,287",
,180489,161,"U. Montana, Missoula","38,753",,"4,843",,124,,"12,559",,"4,225",,"7,779",,"5,743",,"3,480",
,487010,162,"U. Tennessee, Health Science Center","38,374",,"2,438",,0,,"35,884",,0,,18,,6,,28,
,190567,163,"CUNY, City C.","37,525",,"2,104",,"1,245",,"13,814",,"2,086",,"8,394",,59,,"9,823",
,133650,164,Florida A&M U.,"37,363",,"1,332",,"1,945",,"7,351",,160,,"2,439",,"7,860",,"16,276",
,196413,165,Syracuse U.,"36,106",,"4,311",,"2,433",,"7,129",,112,,"14,424",,497,,"7,200",
,126775,166,Colorado School of Mines,"35,677",,"3,585",,"16,851",,"2,283",,"1,793",,"9,292",,36,,"1,837",
,200332,167,North Dakota State U.,"35,590",,981,,"1,819",,"5,417",,61,,"7,746",,"12,776",,"6,790",
,228787,168,"U. Texas, Dallas","35,451",,"8,724",,"1,410",,"10,721",,"2,523",,"10,334",,21,,"1,718",
,161253,169,U. Maine,"34,277",,586,,"2,425",,"1,212",,"2,232",,"12,820",,"9,203",,"5,799",
,231624,170,C. of William and Mary and Virginia Institute of Marine Science,"34,133",,"3,315",,"1,987",,"1,596",,564,,"7,809",,247,,"18,615",
,131520,171,Howard U.,"33,441",,"2,129",,491,,"18,435",,54,,"7,076",,0,,"5,256",
,243203,172,"U. Puerto Rico, Medical Sciences Campus","33,348",,87,,0,,"31,682",,0,,"1,579",,0,,0,
,229115,173,Texas Tech U.,"32,405",,"5,397",,"3,676",,"3,606",,835,,"6,538",,"2,074",,"10,279",
,209807,174,Portland State U.,"32,021",,"2,397",,"1,043",,"8,106",,895,,"7,079",,"1,106",,"11,395",
,159373,175,"Louisiana State U., Health Sciences Center ? New Orleans","31,526",,522,,0,,"30,447",,0,,314,,0,,243,
,122755,176,San Jose State U.,"31,318",,341,,70,,698,,"20,305",,"1,842",,72,,"7,990",
,166638,177,"U. Massachusetts, Boston","30,608",,789,,22,,"9,909",,"1,567",,"6,115",,0,,"12,206",
,197708,178,Yeshiva U.,"30,266",,988,,208,,"28,482",,0,,420,,13,,155,
,206604,179,Wright State U.,"30,162",,"17,039",,298,,"8,935",,682,,"2,584",,63,,561,
,171128,180,Michigan Technological U.,"29,774",,"11,227",,"1,285",,"1,758",,"1,520",,"9,971",,"1,649",,"2,364",
,219356,181,South Dakota State U.,"29,633",,201,,"2,341",,"2,098",,"3,713",,"7,576",,"9,031",,"4,673",
,186867,182,Stevens Institute of Technology,"28,999",,"13,180",,210,,"1,217",,309,,"7,170",,83,,"6,830",
,140562,183,Morehouse School of Medicine,"28,678",,143,,0,,"28,330",,74,,8,,0,,123,
,230038,184,"Brigham Young U., Provo","28,453",,"4,871",,"1,517",,"5,484",,"1,998",,"10,025",,"1,380",,"3,178",
,100751,185,"U. Alabama, Tuscaloosa","28,425",,"2,954",,"2,493",,"5,317",,"1,108",,"7,130",,396,,"9,027",
,206084,186,U. Toledo,"27,802",,"1,615",,"1,821",,"12,487",,"3,496",,"5,667",,525,,"2,191",
,166513,187,"U. Massachusetts, Lowell","27,694",,"7,822",,985,,"8,120",,"1,230",,"5,941",,40,,"3,556",
,228909,188,"U. North Texas, Health Science Center","27,163",,49,,0,,"21,265",,0,,157,,0,,"5,692",
,164924,189,Boston C.,"27,033",,"2,952",,778,,"12,833",,220,,"6,455",,86,,"3,709",
,179159,190,Saint Louis U.,"26,813",,335,,1,,"22,382",,240,,"1,016",,8,,"2,831",
,228769,191,"U. Texas, Arlington","26,664",,"4,246",,"1,374",,"2,541",,"1,077",,"8,187",,108,,"9,131",
,195003,192,Rochester Institute of Technology,"26,149",,"6,555",,575,,"2,965",,"2,232",,"10,130",,227,,"3,465",
,168421,193,Worcester Polytechnic Institute,"25,976",,"9,382",,"1,312",,"3,795",,125,,"7,804",,49,,"3,509",
,196255,194,"SUNY, Downstate Medical Center","25,941",,928,,0,,"24,519",,0,,211,,0,,283,
,229027,195,"U. Texas, San Antonio","25,813",,"6,316",,440,,"11,472",,468,,"3,767",,338,,"3,012",
,240453,196,U. Wisconsin-Milwaukee,"25,651",,247,,"1,457",,"9,748",,144,,"10,833",,345,,"2,877",
,182281,197,"U. Nevada, Las Vegas","25,613",,"1,554",,"6,902",,"7,881",,"1,028",,"4,393",,200,,"3,655",
,176372,198,U. Southern Mississippi,"25,482",,"7,734",,58,,"4,260",,"1,169",,"3,191",,"1,433",,"7,637",
,200800,199,U. Akron,"25,433",,"13,174",,582,,"1,826",,879,,"6,687",,0,,"2,285",
,146719,200,"Loyola U., Chicago","25,363",,"1,053",,132,,"21,177",,71,,"1,466",,130,,"1,334",
,145725,201,Illinois Institute of Technology,"23,821",,"1,989",,"5,584",,"9,278",,474,,"4,482",,462,,"1,552",
,105330,202,Northern Arizona U.,"23,442",,"3,266",,"1,102",,"4,806",,872,,"6,048",,"3,099",,"4,249",
,100654,203,Alabama A&M U.,"22,478",i,"2,910",i,"1,367",i,"8,771",i,660,i,"4,077",i,"2,047",i,"2,646",i
,231970,204,Eastern Virginia Medical School,"21,459",,181,,0,,"7,568",,435,,0,,0,,"13,275",
,213543,205,Lehigh U.,"21,429",,"4,247",,"3,344",,"4,390",,0,,"7,798",,0,,"1,650",
,196112,206,"SUNY, Polytechnic Institute","21,380",,"9,555",,"5,363",,"2,691",,76,,"1,679",,0,,"2,016",
,140447,207,Mercer U.,"21,120",,"19,055",,0,,"1,869",,40,,0,,0,,156,
,199102,208,North Carolina Agricultural and Technical State U.,"21,112",,"3,409",,"1,476",,973,,551,,"7,542",,"6,538",,623,
,228459,209,Texas State U.,"21,049",,"1,283",,318,,"3,757",,"4,279",,"2,649",,611,,"8,152",
,243665,210,U. of the Virgin Islands,"20,951",,0,,0,,"2,532",,428,,"5,048",,"3,088",,"9,855",
,175856,211,Jackson State U.,"20,854",,"3,727",,348,,"6,951",,107,,"6,079",,0,,"3,642",
,199139,212,"U. North Carolina, Charlotte","20,269",,"4,650",,471,,"4,260",,156,,"6,417",,138,,"4,177",
,190594,213,"CUNY, Hunter C.","20,037",,276,,374,,"17,371",,1,,"1,809",,24,,182,
,151102,214,"Indiana U.-Purdue U., Indianapolis","19,954",,676,,460,,"12,675",,46,,"3,917",,124,,"2,056",
,131283,215,Catholic U. of America,"19,928",,935,,"6,925",,"2,403",,"7,523",,"1,582",,0,,560,
,200697,216,Air Force Institute of Technology,"19,796",,"19,383",,13,,0,,11,,48,,0,,341,
,196307,217,"SUNY, Upstate Medical U.","18,942",,"2,832",,0,,"15,670",,130,,270,,0,,40,
"2215 Raggio Pkwy, Reno, NV 89512",,218,Desert Research Institute,"18,883",,"1,866",,"7,970",,0,,"1,225",,"3,190",,"1,070",,"3,562",
,178411,219,Missouri U. of Science and Technology,"18,833",,"1,759",,"4,279",,373,,"1,651",,"6,503",,24,,"4,244",
,221759,220,"U. Tennessee, Knoxville, Institute of Agriculture","18,598",,398,,"2,283",,"2,148",,0,,446,,"10,722",,"2,601",
,196060,221,"SUNY, Binghamton U.","18,562",,"2,600",,"4,059",,"5,855",,3,,"4,282",,30,,"1,733",
,220862,222,U. Memphis,"18,098",,"2,550",,200,,"7,148",,10,,"3,895",,201,,"4,094",
,199148,223,"U. North Carolina, Greensboro","17,902",,693,,0,,"8,688",,0,,"1,572",,654,,"6,295",
,102094,224,U. South Alabama,"17,628",,"1,000",,25,,"12,406",,49,,"3,110",,94,,944,
,187967,225,New Mexico Institute of Mining and Technology,"17,017",,"2,781",,"5,711",,"2,179",,"2,050",,"3,241",,0,,"1,055",
,142115,226,Boise State U.,"16,953",,588,,"1,745",,"3,162",,"1,049",,"6,729",,"1,080",,"2,600",
,160658,227,"U. Louisiana, Lafayette","16,893",,509,,756,,"5,674",,206,,"2,600",,187,,"6,961",
,227368,228,U. Texas Rio Grande Valley,"16,892",,"1,613",,0,,"8,902",,0,,"2,640",,"1,738",,"1,999",
,117636,229,Loma Linda U.,"16,118",,"2,764",,0,,"11,273",,"2,081",,0,,0,,0,
,140553,230,Morehouse C.,"15,957",,779,,293,,"1,591",,5,,"1,328",,42,,"11,919",
,243221,231,"U. Puerto Rico, Rio Piedras","15,892",,890,,179,,"4,876",,"1,826",,"6,931",,244,,946,
,228246,232,Southern Methodist U.,"15,587",,"4,329",,"2,526",,"1,717",,268,,"3,692",,34,,"3,021",
,133669,233,Florida Atlantic U.,"15,356",,"1,951",,"1,014",,"5,202",,130,,"2,956",,0,,"4,103",
,130934,234,Delaware State U.,"15,260",,"1,043",,451,,"3,356",,481,,"5,397",,"3,632",,900,
,204857,235,Ohio U.,"14,678",,"1,114",,"2,195",,"3,633",,587,,"2,892",,215,,"4,042",
,149222,236,"Southern Illinois U., Carbondale","14,574",,"2,014",,772,,"6,374",,37,,"2,017",,"1,097",,"2,263",
,243197,237,"U. Puerto Rico, Mayaguez","14,446",,"1,656",,105,,"1,678",,223,,"3,372",,743,,"6,669",
,163453,238,Morgan State U.,"14,343",,"2,532",,422,,"4,597",,"4,760",,950,,6,,"1,076",
,190664,239,"CUNY, Queens C.","14,275",,841,,"7,975",,"3,292",,0,,"1,956",,1,,210,
,232265,240,Hampton U.,"14,201",,"1,139",,"1,405",,"3,504",,"4,281",,"3,872",,0,,0,
,426314,241,Embry-Riddle Aeronautical U.,"14,135",,157,,0,,0,,348,,"1,103",,0,,"12,527",
"2020 Horns Point Rd, Cambridge, MD 21613",,242,"U. Maryland, Center for Environmental Science","13,957",,208,,0,,164,,235,,"4,024",,143,,"9,183",
,186399,243,"Rutgers, State U. New Jersey, Newark","13,737",,771,,98,,"7,192",,200,,"4,785",,34,,657,
,220792,244,Meharry Medical C.,"13,528",,78,,0,,"13,435",,0,,0,,0,,15,
,197036,245,U.S. Military Academy,"13,500",,"13,481",,0,,0,,0,,19,,0,,0,
,110608,246,"California State U., Northridge","13,442",,"1,904",,59,,"5,421",,291,,"4,573",,1,,"1,193",
,178402,247,"U. Missouri, Kansas City","13,081",,792,,157,,"9,886",,530,,"1,267",,54,,395,
,198464,248,East Carolina U.,"13,073",,280,,0,,"9,954",,244,,"1,426",,52,,"1,117",
,122597,249,San Francisco State U.,"12,804",,236,,143,,"7,212",,464,,"2,878",,13,,"1,858",
,227216,250,"U. North Texas, Denton","12,621",,"2,478",,"1,497",,725,,111,,"7,061",,116,,633,
,221838,251,Tennessee State U.,"12,291",,"1,112",,521,,901,,15,,"1,611",,"7,413",,718,
,172699,252,Western Michigan U. and Homer Stryker M.D. School of Medicine,"12,287",,718,,223,,"1,526",,228,,"4,119",,0,,"5,473",
,445188,253,"U. California, Merced","12,206",,770,,875,,"3,379",,728,,"5,419",,366,,669,
,111966,254,Charles R. Drew U. of Medicine and Science,"12,089",,"2,345",,0,,"9,744",,0,,0,,0,,0,
"333 Bostwick Ave NE, Grand Rapids, MI 49503",,255,Van Andel Institute,"11,970",,414,,0,,"9,557",,0,,0,,0,,"1,999",
,142276,256,Idaho State U.,"11,926",,"1,499",,"3,122",,"1,994",,488,,"3,963",,156,,704,
,102553,257,"U. Alaska, Anchorage","11,867",,38,,0,,"2,311",,2,,"2,467",,157,,"6,892",
,196468,258,"Columbia U., Teachers C.","11,635",,241,,0,,"1,353",,0,,"1,583",,0,,"8,458",
,110422,259,"California Polytechnic State U., San Luis Obispo","11,276",,"2,606",,"1,508",,"2,159",,"1,099",,"2,423",,502,,979,
,198543,260,Fayetteville State U.,"11,207",,"1,004",,0,,818,,0,,829,,58,,"8,498",
,110583,261,"California State U., Long Beach","11,176",,159,,476,,"7,211",,508,,"1,188",,539,,"1,095",
,127060,262,U. Denver,"11,029",,132,,537,,"4,663",,126,,"3,608",,0,,"1,963",
,164155,263,U.S. Naval Academy,"11,016",,"10,432",,214,,0,,86,,284,,0,,0,
,193830,264,New York Medical C.,"10,772",,0,,0,,"9,781",,377,,0,,0,,614,
,188580,265,Albany Medical C.,"10,714",,427,,0,,"10,165",,0,,0,,0,,122,
,181002,266,Creighton U.,"10,619",,896,i,323,i,"7,999",i,152,i,857,i,53,i,339,i
,160904,267,Xavier U. Louisiana,"10,503",,436,,130,,"8,330",,657,,820,,0,,130,
,199157,268,North Carolina Central U.,"10,455",,564,,269,,"5,316",,407,,"2,715",,264,,920,
,156125,269,Wichita State U.,"10,442",,770,,23,,"1,138",,"1,028",,"1,016",,"1,380",,"5,087",
,102377,270,Tuskegee U.,"10,388",,96,,0,,37,,8,,"5,663",,"4,235",,349,
,229337,271,"Texas Tech U., Health Sciences Center","10,384",,667,,0,,"8,878",,0,,419,,0,,420,
,219347,272,South Dakota School of Mines and Technology,"10,370",,"4,157",,"1,014",,254,,"1,713",,"2,895",,8,,329,
,239105,273,Marquette U.,"10,298",,481,,0,,"6,924",,29,,"2,648",,18,,198,
,203517,274,Kent State U.,"10,013",,436,,"1,046",,"2,881",,148,,"4,026",,353,,"1,123",
,147703,275,Northern Illinois U.,"9,957",,74,,"1,649",,"1,667",,116,,"2,703",,265,,"3,483",
,138354,276,U. West Florida,"9,841",,729,,72,,453,,2,,169,,0,,"8,416",
,131159,277,American U.,"9,554",,410,,0,,"2,713",,732,,"1,422",,293,,"3,984",
,220181,278,Fisk U.,"9,544",,"1,454",,780,,982,,0,,"3,628",,0,,"2,700",
,133881,279,Florida Institute of Technology,"9,500",,"2,936",,479,,217,,"1,134",,"2,435",,0,,"2,299",
,141565,280,"U. Hawaii, Hilo","9,402",,445,,269,,"4,468",,312,,"1,150",,493,,"2,265",
,204015,281,Miami U.,"9,189",,189,,356,,"4,488",,6,,"2,983",,59,,"1,108",
,204477,282,Northeast Ohio Medical U.,"9,181",,18,,0,,"8,871",,0,,220,,1,,71,
,207209,283,Langston U.,"9,178",,198,,0,,84,,0,,237,,"7,770",,889,
,237525,284,Marshall U.,"9,158",,566,,45,,"4,358",,400,,"1,396",,0,,"2,393",
,219471,285,U. South Dakota,"8,832",,18,,179,,"6,016",,81,,"2,181",,0,,357,
,224110,286,Texas A&M U.-Corpus Christi,"8,669",,638,,12,,76,,613,,"1,674",,53,,"5,603",
,145558,287,Rosalind Franklin U. of Medicine and Science,"8,478",,348,,0,,"7,877",,0,,253,,0,,0,
,112251,288,Claremont Graduate U.,"8,399",i,"1,092",i,124,i,"5,747",i,91,i,973,i,58,i,314,i
,196103,289,"SUNY, C. of Environmental Science and Forestry","8,313",,59,,460,,144,,300,,"1,050",,"2,440",,"3,860",
,174233,290,"U. Minnesota, Duluth","8,055",,367,,309,,124,,91,,"5,146",,173,,"1,845",
,227526,291,Prairie View A&M U.,"7,952",,"1,006",,369,,76,,30,,997,,"5,474",,0,
,163338,292,"U. Maryland, Eastern Shore","7,853",,0,,0,,63,,0,,0,,"3,837",,"3,953",
,158802,293,Dillard U.,"7,605",,333,,0,,"6,927",,10,,120,,0,,215,
,227845,294,St. Edward's U.,"7,500",,0,,0,,300,,450,,"2,350",,500,,"3,900",
,228705,295,Texas A&M U.-Kingsville,"7,475",,58,,30,,"1,026",,0,,358,,"2,881",,"3,122",
,136215,296,Nova Southeastern U.,"7,381",,"1,911",,39,,"2,353",,0,,131,,50,,"2,897",
,232937,297,Norfolk State U.,"7,230",,"1,711",,"3,568",,111,,0,,"1,798",,0,,42,
,181394,298,"U. Nebraska, Omaha","7,180",,906,,0,,"3,766",,802,,768,,0,,938,
,243081,299,Ponce Health Sciences U.,"6,951",,0,,0,,"6,951",,0,,0,,0,,0,
,159939,300,U. New Orleans,"6,826",,"1,297",,51,,206,,227,,"1,833",,17,,"3,195",
,240754,301,U. Guam,"6,621",,553,,0,,896,,17,,"1,411",,"2,093",,"1,651",
,167987,302,"U. Massachusetts, Dartmouth","6,548",,"1,447",,67,,287,,329,,"2,095",,29,,"2,294",
,435000,303,"Louisiana State U., Health Sciences Center - Shreveport","6,478",,156,,0,,"6,031",,0,,137,,154,,0,
"Fort Lesley J. McNair, Washington, DC 20319-5066",,304,National Defense U.,"6,447",,"6,447",,0,,0,,0,,0,,0,,0,
,207971,305,U. Tulsa,"6,426",,948,,"1,114",,411,,334,,"2,216",,13,,"1,390",
,175342,306,Alcorn State U.,"6,387",,391,,0,,389,,10,,166,,"5,423",,8,
,110510,307,"California State U., San Bernardino","6,348",,182,,0,,"2,052",,20,,"2,248",,663,,"1,183",
,243568,308,U. Central del Caribe,"6,290",,0,,0,,"6,290",,0,,0,,0,,0,
,247819,309,C. Charleston,"6,269",,13,,62,,302,,"1,443",,"2,765",,30,,"1,654",
,201441,310,Bowling Green State U.,"6,229",,617,,137,,"2,023",,2,,"2,962",,100,,388,
,171571,311,Oakland U.,"6,198",,"1,132",,138,,"3,402",,50,,"1,285",,14,,177,
,190044,312,Clarkson U.,"6,183",,"1,596",,298,,139,,2,,"2,142",,261,,"1,745",
,138947,313,Clark Atlanta U.,"6,048",,246,,526,,"3,677",,30,,"1,511",,58,,0,
,190549,314,"CUNY, Brooklyn C.","5,995",,0,,266,,"4,094",,130,,"1,032",,36,,437,
,191241,315,Fordham U.,"5,979",,126,,0,,"2,954",,0,,"1,217",,60,,"1,622",
,199218,316,"U. North Carolina, Wilmington","5,966",,971,,92,,731,,52,,"1,275",,0,,"2,845",
,212106,317,Duquesne U.,"5,809",,39,,24,,"3,798",,0,,722,,0,,"1,226",
,220075,318,East Tennessee State U.,"5,658",,76,,0,,"4,815",,0,,507,,0,,260,
,145813,319,Illinois State U.,"5,630",,197,,111,,"1,350",,63,,"1,714",,153,,"2,042",
,110617,320,"California State U., Sacramento","5,619",,47,,16,,668,,0,,540,,132,,"4,216",
,159647,321,Louisiana Tech U.,"5,455",,567,,273,,617,,445,,"1,583",,278,,"1,692",
,169248,322,Central Michigan U.,"5,387",,444,,524,,531,,0,,"1,481",,47,,"2,360",
,161457,323,U. New England,"5,298",,0,,0,,"3,343",,0,,"1,310",,55,,590,
,366711,324,"California State U., San Marcos","5,273",,135,,0,,"2,679",,34,,"1,261",,63,,"1,101",
,184782,325,Rowan U.,"5,252",,88,,0,,"3,638",,5,,523,,0,,998,
,234155,326,Virginia State U.,"5,204",,0,,0,,260,,32,,"1,213",,"3,621",,78,
,168218,327,Wellesley C.,"5,197",,0,,27,,"1,013",,720,,"2,572",,0,,865,
,157058,328,Kentucky State U.,"5,146",,0,,0,,0,,25,,73,,"4,878",,170,
,178420,329,"U. Missouri, Saint Louis","4,959",,909,,191,,"1,888",,62,,796,,46,,"1,067",
,177940,330,"Lincoln U., Jefferson City","4,953",,0,,0,,0,,0,,711,,"4,242",,0,
,106245,331,"U. Arkansas, Little Rock","4,934",,607,,56,,606,,"1,037",,"1,966",,0,,662,
,139719,332,Fort Valley State U.,"4,844",,0,,0,,0,,0,,638,,"4,206",,0,
,106458,333,"Arkansas State U., Jonesboro","4,826",,236,,14,,411,,14,,"1,861",,"1,428",,862,
,237011,334,Western Washington U.,"4,701",,151,,20,,268,,43,,"3,078",,269,,872,
,241739,335,U. Metropolitana,"4,630",,0,,0,,47,,999,,"3,526",,58,,0,
,190600,336,"CUNY, John Jay C. of Criminal Justice","4,625",,0,,152,,"1,405",,0,,512,,0,,"2,556",
,144740,337,DePaul U.,"4,623",,14,,0,,"2,308",,202,,"2,035",,0,,64,
,218733,338,South Carolina State U.,"4,556",i,293,i,195,i,"2,647",i,49,i,493,i,84,i,795,i
,228529,339,Tarleton State U.,"4,495",,0,,0,,0,,0,,0,,"3,826",,669,
,115755,340,Humboldt State U.,"4,455",,0,,"1,909",,85,,0,,647,,535,,"1,279",
,433660,341,Florida Gulf Coast U.,"4,442",,7,,0,,421,,5,,534,,0,,"3,475",
,216597,342,Villanova U.,"4,334",,734,,27,,205,,570,,"2,470",,0,,328,
,223232,343,Baylor U.,"4,244",,463,,535,,"1,156",,75,,"1,698",,154,,163,
,106412,344,"U. Arkansas, Pine Bluff","4,233",,121,,0,,186,,324,,602,,"2,976",,24,
,237899,345,West Virginia State U.,"4,126",,362,,0,,171,,0,,229,,"2,939",,425,
,221847,346,Tennessee Technological U.,"4,076",,911,,373,,43,,51,,"2,253",,0,,445,
,157951,347,Western Kentucky U.,"4,018",,120,,0,,749,,151,,"1,047",,"1,019",,932,
,126580,348,U. Colorado Colorado Springs,"3,976",,"1,849",,0,,590,,20,,"1,400",,0,,117,
,217420,349,Rhode Island C.,"3,928",,0,,0,,"1,168",,0,,86,,0,,"2,674",
,180416,350,Montana Tech of U. Montana,"3,916",,"1,973",,549,,438,,0,,301,,44,,611,
,110565,351,"California State U., Fullerton","3,815",,418,,8,,"1,157",,37,,"1,803",,85,,307,
,110592,352,"California State U., Los Angeles","3,804",,584,,195,,865,,"1,053",,681,,0,,426,
,161873,353,U. Baltimore,"3,769",,0,,0,,"1,327",,0,,0,,153,,"2,289",
,485537,354,"U. Texas Health Science Center, Tyler","3,757",,0,,0,,"3,757",,0,,0,,0,,0,
,152248,355,"Purdue U., Calumet","3,712",,33,,581,,197,,12,,395,,69,,"2,425",
,409698,356,"California State U., Monterey Bay","3,654",,62,,0,,323,,"2,537",,269,,174,,289,
,190637,357,"CUNY, Lehman C.","3,625",,56,,82,,"1,278",,106,,"2,103",,0,,0,
,228875,358,Texas Christian U.,"3,617",,83,,179,,"1,592",,0,,633,,0,,"1,130",
,110556,359,"California State U., Fresno","3,539",,0,,23,,655,,227,,"1,750",,314,,570,
,220978,360,Middle Tennessee State U.,"3,535",,301,,0,,497,,25,,"1,394",,367,,951,
,173258,361,Carleton C.,"3,508",,0,,21,,74,,17,,"3,294",,5,,97,
,130697,362,Wesleyan U.,"3,493",,323,,0,,"1,096",,306,,"1,315",,0,,453,
,149231,363,"Southern Illinois U., Edwardsville","3,422",,142,,0,,"1,253",,349,,581,,0,,"1,097",
,111948,364,Chapman U.,"3,357",,"1,284",,273,,479,,175,,847,,114,,185,
,190576,365,"CUNY, Graduate Center","3,318",,0,,0,,"1,258",,0,,"1,444",,0,,616,
,229063,366,Texas Southern U.,"3,269",,144,,0,,"1,727",,154,,829,,14,,401,
,150136,367,Ball State U.,"3,253",,356,,0,,877,,84,,"1,194",,26,,716,
"686 Cushing Road, Newport, Rhode Island 02841-1207",,368,Naval War C.,"3,210",,"3,210",,0,,0,,0,,0,,0,,0,
,189097,369,Barnard C.,"3,082",,0,,14,,929,,6,,"2,108",,0,,25,
,101480,370,Jacksonville State U.,"3,081",,176,,0,,0,,0,,72,,0,,"2,833",
,229337,371,"Texas Tech U., Health Sciences Center, El Paso","3,064",,0,,0,,"3,063",,0,,1,,0,,0,
,448840,372,"U. South Florida, Saint Petersburg","3,019",,0,,0,,388,,0,,82,,0,,"2,549",
,377555,373,"U. Washington, Bothell","2,863",,344,,0,,27,,0,,"1,583",,26,,883,
,166939,374,Mount Holyoke C.,"2,848",,0,,0,,"1,109",,881,,818,,10,,30,
,194310,375,Pace U.,"2,845",,56,,877,,157,,0,,"1,755",,0,,0,
,160621,376,"Southern U. and A&M C., Baton Rouge","2,778",,304,,180,,478,,94,,"1,493",,35,,194,
,185590,377,Montclair State U.,"2,771",,260,,87,,311,,191,,"1,553",,0,,369,
,139931,378,Georgia Southern U.,"2,695",,70,,0,,"1,420",,35,,514,,258,,398,
,377564,379,"U. Washington, Tacoma","2,682",,0,,0,,407,,0,,372,,58,,"1,845",
,179566,380,Missouri State U.,"2,675",,794,,0,,393,,279,,511,,306,,392,
,186371,381,"Rutgers, State U. New Jersey, Camden","2,653",,356,,0,,630,,0,,"1,548",,0,,119,
,167835,382,Smith C.,"2,634",,138,,25,,888,,49,,"1,391",,0,,143,
,169716,383,U. Detroit Mercy,"2,565",,0,,0,,"2,510",,0,,54,,0,,1,
,211273,384,Bryn Mawr C.,"2,556",,"1,090",,0,,294,,26,,998,,7,,141,
,196228,385,"SUNY, C. of Optometry","2,487",,0,,0,,"2,487",,0,,0,,0,,0,
,176406,386,Tougaloo C.,"2,473",,0,,0,,"1,213",,0,,"1,260",,0,,0,
,161004,387,Bowdoin C.,"2,457",,0,,0,,"1,158",,186,,"1,113",,0,,0,
,131399,388,U. of the District of Columbia,"2,451",,280,,0,,34,,0,,857,,"1,191",,89,
,214591,389,"Pennsylvania State U., Behrend","2,445",,69,,60,,0,,0,,989,,0,,"1,327",
,193654,390,New School,"2,428",,"1,377",,0,,229,,0,,282,,0,,540,
,160621,391,"Southern U. and A&M C., Agricultural Research and Extension Center","2,415",,0,,0,,0,,0,,0,,"2,415",,0,
,163851,392,Salisbury U.,"2,414",,0,,0,,"1,007",,0,,397,,0,,"1,010",
,112525,393,Western U. of Health Sciences,"2,391",,0,,324,,"1,947",,0,,92,,27,,1,
,100724,394,Alabama State U.,"2,372",,217,,0,,313,,0,,"1,842",,0,,0,
,115409,395,Harvey Mudd C.,"2,320",,0,,39,,121,,0,,"2,153",,0,,7,
,199111,396,"U. North Carolina, Asheville","2,312",,0,,0,,520,,6,,562,,528,,696,
,161554,397,U. Southern Maine,"2,299",,0,,0,,"2,154",,17,,50,,0,,78,
,154095,398,U. Northern Iowa,"2,297",,0,,0,,418,,281,,"1,483",,80,,35,
,140960,399,Savannah State U.,"2,251",,466,,175,,640,,19,,651,,0,,300,
,166869,400,MGH Institute of Health Professions,"2,228",,0,,0,,"2,228",,0,,0,,0,,0,
,110547,401,"California State U., Dominguez Hills","2,215",,0,,3,,660,,0,,711,,0,,841,
,232423,402,James Madison U.,"2,203",,50,,22,,388,,46,,"1,413",,47,,237,
,110529,403,"California State Polytechnic U., Pomona","2,199",,210,,98,,380,,153,,764,,271,,323,
,171137,404,"U. Michigan, Dearborn","2,172",,515,,276,,1,,41,,835,,5,,499,
,129941,405,U. New Haven,"2,157",,"1,472",,0,,0,,4,,373,,0,,308,
,122436,406,U. San Diego,"2,152",,128,,90,,69,,0,,"1,679",,0,,186,
,191649,407,Hofstra U.,"2,149",,0,,37,,0,,80,,"2,029",,0,,3,
,131450,408,Gallaudet U.,"2,135",,0,,0,,"1,078",,0,,936,,0,,121,
,141644,409,Hawaii Pacific U.,"2,071",,70,,0,,"1,047",,0,,17,,750,,187,
,229887,410,Wiley C.,"2,060",i,0,i,0,i,0,i,0,i,99,i,0,i,"1,961",i
,219046,411,Black Hills State U.,"2,056",,0,,0,,569,,0,,"1,429",,2,,56,
,177834,412,A. T. Still U.,"2,041",,0,,0,,"2,041",,0,,0,,0,,0,
,159993,413,"U. Louisiana, Monroe","2,016",,0,,0,,"1,729",,10,,13,,10,,254,
,119605,414,National U.,"2,012",,0,,0,,676,,0,,0,,0,,"1,336",
,165334,415,Clark U.,"2,002",,57,,15,,362,,362,,867,,0,,339,
,120883,416,U. of the Pacific,"1,991",,9,,69,,569,,0,,"1,232",,0,,112,
,186584,417,Seton Hall U.,"1,975",,0,,0,,825,,0,,0,,0,,"1,150",
,127741,418,U. Northern Colorado,"1,962",,0,,0,,876,,53,,433,,111,,489,
,228802,419,"U. Texas, Tyler","1,936",,0,,0,,0,,36,,178,,85,,"1,637",
,162007,420,Bowie State U.,"1,927",,730,,0,,577,,35,,509,,14,,62,
,486840,421,Kennesaw State U.,"1,925",,116,,0,,351,,0,,835,,0,,623,
,233374,422,U. Richmond,"1,924",,156,,311,,656,,57,,640,,64,,40,
,197869,423,Appalachian State U.,"1,896",,0,,280,,158,,43,,929,,232,,254,
,227881,424,Sam Houston State U.,"1,830",,234,,5,,26,,0,,454,,192,,919,
,198507,425,Elizabeth City State U.,"1,827",,100,,0,,228,,30,,"1,047",,0,,422,
,228431,426,Stephen F. Austin State U.,"1,808",,27,,0,,26,,0,,286,,527,,942,
,157386,427,Morehead State U.,"1,797",,0,,0,,540,,"1,178",,63,,0,,16,
,217873,428,Claflin U.,"1,743",,159,,68,,381,,375,,760,,0,,0,
,230959,429,Middlebury C.,"1,736",,0,,0,,948,,46,,694,,48,,0,
,217518,429,Roger Williams U.,"1,736",,0,,0,,80,,25,,560,,63,,"1,008",
,229814,431,West Texas A&M U.,"1,735",,0,,512,,0,,0,,442,,289,,492,
,409254,432,Erikson Institute,"1,719",,0,,0,,538,,0,,417,,0,,764,
,190558,433,"CUNY, C. Staten Island","1,700",,0,,0,,533,,0,,"1,167",,0,,0,
,209922,434,Reed C.,"1,690",,74,,63,,"1,021",,0,,445,,45,,42,
,110486,435,"California State U., Bakersfield","1,689",,184,,0,,0,,0,,"1,472",,6,,27,
,196866,436,"Union C., Schenectady","1,680",,0,,0,,191,,15,,"1,474",,0,,0,
,122931,437,Santa Clara U.,"1,634",,146,,0,,307,,113,,963,,80,,25,
,169798,438,Eastern Michigan U.,"1,627",,82,,0,,293,,170,,457,,155,,470,
,217721,439,Benedict C.,"1,621",,172,,649,,17,,7,,677,,0,,99,
,211291,440,Bucknell U.,"1,619",i,43,i,79,i,36,i,169,i,"1,146",i,0,i,146,i
,164076,441,Towson U.,"1,616",,314,,0,,99,,21,,838,,84,,260,
,168342,442,Williams C.,"1,614",,20,,0,,245,,105,,"1,085",,0,,159,
,194091,443,New York Institute of Technology,"1,607",,2,,0,,"1,086",,0,,254,,120,,145,
,152600,444,Valparaiso U.,"1,595",,0,,765,,0,,43,,710,,2,,75,
,219082,445,Dakota State U.,"1,593",,169,,4,,0,,0,,"1,382",,38,,0,
,234827,446,Central Washington U.,"1,580",,2,,0,,146,,204,,954,,5,,269,
,121345,447,Pomona C.,"1,579",,0,,0,,337,,52,,"1,132",,54,,4,
,214564,448,Salus U.,"1,571",,0,,0,,"1,571",,0,,0,,0,,0,
,188641,449,Alfred U.,"1,558",,610,,488,,0,,8,,452,,0,,0,
,201690,450,Central State U.,"1,546",,663,,0,,45,,13,,551,,245,,29,
,151102,451,"Indiana U.-Purdue U., Fort Wayne","1,541",,24,,0,,452,,30,,142,,102,,791,
,102632,452,"U. Alaska, Southeast","1,502",,51,,0,,208,,0,,734,,145,,364,
,197133,453,Vassar C.,"1,495",,0,,0,,85,,0,,"1,327",,0,,83,
,154174,454,"Palmer C. of Chiropractic, Davenport","1,485",,"1,200",,0,,285,,0,,0,,0,,0,
,170082,455,Grand Valley State U.,"1,479",,39,,15,,799,,67,,257,,83,,219,
,216287,456,Swarthmore C.,"1,458",,0,,139,,463,,42,,419,,2,,393,
,209612,457,Pacific U.,"1,419",,0,,0,,540,,0,,386,,0,,493,
,445054,458,"Toyota Technological Institute, Chicago","1,410",,44,,0,,147,,0,,"1,219",,0,,0,
,206941,459,U. Central Oklahoma,"1,409",,0,,0,,502,,0,,267,,3,,637,
,231059,460,Saint Michael's C.,"1,399",,46,,0,,154,,20,,"1,174",,0,,5,
,136172,461,U. North Florida,"1,356",,33,,26,,248,,65,,538,,0,,446,
,199999,461,Winston-Salem State U.,"1,356",,0,,0,,"1,069",,0,,0,,0,,287,
,190512,463,"CUNY, Baruch C.","1,325",,40,,269,,133,,78,,762,,43,,0,
,130493,464,Southern Connecticut State U.,"1,324",,0,,0,,140,,29,,812,,0,,343,
,195474,465,Siena C.,"1,313",,0,,12,,102,,11,,"1,181",,0,,7,
,141060,466,Spelman C.,"1,291",,0,,40,,299,,0,,952,,0,,0,
,235097,467,Eastern Washington U.,"1,287",,163,,494,,348,,32,,63,,0,,187,
,198756,468,Johnson C. Smith U.,"1,279",,81,,0,,225,,0,,380,,0,,593,
,169983,468,Kettering U.,"1,279",,0,,293,,44,,0,,477,,2,,463,
,209506,470,Oregon Institute of Technology,"1,268",,0,,0,,182,,111,,26,,0,,949,
,173920,471,"Minnesota State U., Mankato","1,260",,0,,0,,37,,0,,490,,0,,733,
,120254,471,Occidental C.,"1,260",,0,,0,,0,,5,,586,,0,,669,
,170301,473,Hope C.,"1,251",,28,,314,,37,,65,,804,,0,,3,
,240329,474,U. Wisconsin-La Crosse,"1,250",,19,,0,,174,,7,,484,,0,,566,
,121150,475,Pepperdine U.,"1,233",,0,,0,,0,,0,,380,,2,,851,
,190099,476,Colgate U.,"1,217",,87,,0,,87,,12,,"1,031",,0,,0,
,164465,477,Amherst C.,"1,207",,0,,0,,250,,17,,940,,0,,0,
,161299,477,Maine Maritime Academy,"1,207",,0,,0,,0,,5,,0,,0,,"1,202",
,459727,479,"Touro U., Vallejo","1,199",,0,,0,,"1,199",,0,,0,,0,,0,
,151324,480,Indiana State U.,"1,189",,51,,64,,107,,10,,467,,19,,471,
,218964,481,Winthrop U.,"1,178",,0,,0,,245,,0,,394,,0,,539,
,129525,482,U. Hartford,"1,172",,122,,0,,184,,633,,109,,0,,124,
,225432,483,U. Houston-Downtown,"1,165",,43,,0,,0,,0,,287,,0,,835,
,239318,484,Milwaukee School of Engineering,"1,164",,0,,0,,677,,3,,387,,0,,97,
,160977,485,Bates C.,"1,156",,0,,0,,861,,0,,264,,0,,31,
,218645,486,"U. South Carolina, Aiken","1,155",,0,,626,,56,,0,,144,,0,,329,
,215132,487,U. of the Sciences Philadelphia,"1,153",,0,,0,,"1,101",,0,,52,,0,,0,
,180647,488,Salish Kootenai C.,"1,142",,0,,0,,508,,0,,391,,179,,64,
,106704,489,U. Central Arkansas,"1,138",,0,,0,,362,,58,,417,,0,,301,
,138716,490,Albany State U.,"1,137",,50,,0,,865,,7,,172,,0,,43,
,161086,490,Colby C.,"1,137",,0,,0,,436,,65,,606,,0,,30,
,157447,492,Northern Kentucky U.,"1,133",,0,,0,,751,,55,,309,,0,,18,
,166665,493,"U. Massachusetts, central office","1,124",,0,,0,,400,,0,,88,,0,,636,
,153269,494,Drake U.,"1,116",,0,,0,,279,,42,,200,,126,,469,
,243160,495,"U. Puerto Rico, Cayey","1,105",,0,,0,,"1,008",,0,,97,,0,,0,
"800 S Tucker Dr, Tulsa, OK 74104",,496,"U. Oklahoma, Tulsa","1,104",,83,,0,,677,,0,,24,,0,,320,
,221740,497,"U. Tennessee, Chattanooga","1,092",,148,,19,,120,,0,,597,,0,,208,
,210401,498,Willamette U.,"1,090",,333,,4,,0,,0,,745,,8,,0,
,187897,499,New Mexico Highlands U.,"1,086",,141,,0,,183,,0,,762,,0,,0,
,206695,500,Youngstown State U.,"1,083",,623,,51,,0,,37,,204,,0,,168,
,218070,501,Furman U.,"1,068",,0,,0,,487,,138,,439,,0,,4,
,423643,502,Midwestern U.,"1,060",,0,,0,,853,,0,,0,,0,,207,
,218724,503,Coastal Carolina U.,"1,052",,352,,0,,0,,28,,152,,0,,520,
,156620,504,Eastern Kentucky U.,"1,029",,49,,0,,415,,0,,301,,8,,256,
,213385,505,Lafayette C.,997,,0,,0,,70,,142,,575,,65,,145,
,217402,506,Providence C.,981,,0,,0,,684,,0,,297,,0,,0,
,160612,507,Southeastern Louisiana U.,975,,0,,0,,206,,0,,185,,66,,518,
,159009,508,Grambling State U.,974,,272,,0,,324,,38,,340,,0,,0,
,229267,509,Trinity U.,973,,0,,0,,192,,22,,718,,0,,41,
,212911,510,Haverford C.,972,,0,,0,,84,,0,,888,,0,,0,
,143358,511,Bradley U.,969,,765,,0,,27,,23,,22,,14,,118,
,204501,512,Oberlin C.,962,,30,,0,,70,,0,,779,,0,,83,
,240480,513,U. Wisconsin-Stevens Point,957,,85,i,77,i,514,i,36,i,155,i,22,i,68,i
,212577,514,Franklin and Marshall C.,955,,8,,0,,351,,14,,468,,104,,10,
,440031,515,Keck Graduate Institute,949,i,0,i,0,i,760,i,0,i,189,i,0,i,0,i
,195809,516,"St. John's U., Manhattan",940,,33,,0,,595,,0,,227,,0,,85,
,110538,517,"California State U., Chico",933,,26,,70,,188,,1,,511,,73,,64,
,196167,518,"SUNY, Geneseo",930,,0,,401,,69,,92,,346,,0,,22,
,183080,519,Plymouth State U.,925,,0,,0,,311,,39,,442,,60,,73,
,226152,520,Texas A&M International U.,924,,0,,0,,182,,13,,81,,58,,590,
,240277,521,U. Wisconsin-Green Bay,919,,313,i,27,i,259,i,27,i,161,i,29,i,103,i
,144005,522,Chicago State U.,910,,0,,0,,798,,0,,0,,112,,0,
,130590,523,"Trinity C., Hartford",893,,0,,0,,300,,24,,566,,3,,0,
,181215,524,"U. Nebraska, Kearney",891,,0,,0,,427,,71,,100,,11,,282,
,224554,525,Texas A&M U.-Commerce,876,,0,,161,,24,,2,,479,,15,,195,
,118888,526,Mills C.,873,,0,,0,,0,,0,,563,,0,,310,
,200004,526,Western Carolina U.,873,,0,,0,,9,,0,,50,,16,,798,
,196121,528,"SUNY, Buffalo State",859,,0,,0,,161,,0,,169,,0,,529,
,231712,529,Christopher Newport U.,858,,30,,156,,0,,60,,493,,0,,119,
,192457,530,Long Island U.,852,,18,,0,,647,,20,,163,,0,,4,
,236577,531,Seattle Pacific U.,850,,0,,0,,198,,0,,652,,0,,0,
,174844,532,St. Olaf C.,849,,0,,0,,113,,0,,699,,0,,37,
,190035,533,"CUNY, system office",832,,734,,0,,23,,0,,58,,0,,17,
,236595,534,Seattle U.,820,,0,,0,,95,,15,,700,,0,,10,
,128902,535,Connecticut C.,817,,152,,0,,209,,0,,378,,1,,77,
,198385,536,Davidson C.,813,,0,,0,,543,,0,,215,,0,,55,
,169080,537,Calvin C.,795,,20,,0,,340,,8,,265,,7,,155,
,240736,538,American Samoa Community C.,793,,0,,0,,0,,0,,0,,793,,0,
,441982,539,Franklin W. Olin C. of Engineering,782,,55,,0,,0,,81,,488,,0,,158,
,173902,540,Macalester C.,771,,0,,0,,0,,53,,660,,0,,58,
,225414,541,U. Houston-Clear Lake,756,,0,,0,,162,,122,,101,,0,,371,
,207342,542,"Oklahoma State U., Center for Health Sciences",748,,0,,82,,152,,0,,0,,377,,137,
,195526,543,Skidmore C.,747,,14,,0,,15,,36,,184,,0,,498,
,148654,544,"U. Illinois, Springfield",725,,5,,0,,0,,17,,85,,9,,609,
,117946,545,Loyola Marymount U.,707,,0,,0,,261,,0,,438,,8,,0,
,101912,546,Oakwood U.,677,,149,,0,,353,,0,,77,,0,,98,
,102669,547,Alaska Pacific U.,671,,0,,0,,0,,61,,395,,0,,215,
,173045,547,Augsburg C.,671,,2,,41,,21,,61,,375,,161,,10,
,240268,549,U. Wisconsin-Eau Claire,661,,0,,158,,131,,0,,365,,0,,7,
,170675,550,Lawrence Technological U.,658,,42,,0,,43,,0,,63,,0,,510,
,112260,551,Claremont McKenna C.,644,,20,,0,,0,,0,,624,,0,,0,
1275 York Avenue New York NY 10065,,552,"Memorial Sloan Kettering Cancer Center, Louis V. Gerstner Jr. Graduate S. of Biomedical Sciences",643,,0,,0,,598,,0,,45,,0,,0,
,174783,552,St. Cloud State U.,643,,24,,0,,22,,3,,277,,0,,317,
,196121,554,"SUNY, C. Brockport",639,,0,,0,,23,,0,,94,,0,,522,
community college?,146603,555,Lewis and Clark C.,636,,0,,214,,193,,0,,229,,0,,0,
,123572,556,Sonoma State U.,630,,64,,68,,53,,63,,382,,0,,0,
,167093,557,New England C. of Optometry,618,,0,,0,,618,,0,,0,,0,,0,
,213987,558,Mercyhurst U.,612,,0,,0,,39,,35,,20,,0,,518,
,226091,559,Lamar U.,611,,0,,3,,92,,0,,458,,0,,58,
,109785,560,Azusa Pacific U.,606,,228,,0,,204,,128,,46,,0,,0,
,168254,561,Western New England U.,581,,28,,28,,215,,0,,309,,0,,1,
,229179,562,Texas Woman's U.,573,,0,,0,,194,,0,,375,,1,,3,
,196042,563,"SUNY, Farmingdale State C.",570,i,0,i,346,i,83,i,0,i,67,i,74,i,0,i
,110097,564,Biola U.,564,i,88,i,19,i,354,i,19,i,55,i,2,i,27,i
,157401,564,Murray State U.,564,,2,,0,,79,,14,,353,,37,,79,
,243346,564,U. del Este,564,,0,,0,,564,,0,,0,,0,,0,
,187444,564,William Paterson U.,564,,0,,0,,61,,0,,68,,148,,287,
,196246,568,"SUNY, C. Plattsburgh",545,,0,,0,,56,,265,,0,,0,,224,
,152266,569,"Purdue U., North Central",536,,0,,0,,0,,0,,0,,0,,536,
,199643,570,Shaw U.,514,,0,,0,,500,,0,,14,,0,,0,
,229018,571,"U. Texas, Permian Basin",510,,0,,0,,0,,0,,29,,0,,481,
,164368,572,Hult International Business School,503,i,267,i,0,i,35,i,0,i,0,i,0,i,201,i
,160010,573,Northwestern State U. Louisiana,490,,0,,0,,0,,0,,0,,0,,490,
,110574,574,"California State U., East Bay",479,,232,,0,,0,,48,,169,,0,,30,
,215770,575,Saint Joseph's U.,476,,21,,0,,0,,0,,386,,29,,40,
,230995,576,Norwich U.,461,,0,,0,,444,,9,,8,,0,,0,
,216764,577,West Chester U. Pennsylvania,454,,163,,0,,63,,36,,158,,0,,34,
,191515,578,Hamilton C.,442,,1,,0,,0,,0,,134,,0,,307,
,243601,579,U. del Turabo,437,,0,,57,,233,,5,,120,,22,,0,
,187648,580,"Eastern New Mexico U., Portales",436,,12,,0,,218,,0,,91,,115,,0,
,129242,581,Fairfield U.,435,,11,,13,,85,,23,,292,,0,,11,
,174251,582,"U. Minnesota, Morris",428,,0,,0,,33,,0,,342,,0,,53,
,198516,583,Elon U.,423,,0,,0,,0,,0,,344,,0,,79,
,235316,584,Gonzaga U.,414,,0,,0,,23,,0,,353,,2,,36,
,212009,585,Dickinson C.,397,,0,,0,,28,,0,,362,,4,,3,
,456542,586,Commonwealth Medical C.,396,,325,,0,,71,,0,,0,,0,,0,
Osteopathic Medical Center,154156,587,Des Moines U.,386,,0,,0,,257,,0,,129,,0,,0,
,188526,588,Albany C. of Pharmacy and Health Sciences,380,,0,,0,,380,,0,,0,,0,,0,
,123943,589,Marshall B. Ketchum U.,375,,0,,0,,375,,0,,0,,0,,0,
,213020,590,Indiana U. Pennsylvania,373,,0,,26,,71,,0,,206,,28,,42,
,165662,591,Emerson C.,366,,0,,0,,329,,0,,18,,0,,19,
,126678,592,Colorado C.,358,,37,,0,,0,,4,,294,,8,,15,
,210669,593,Allegheny C.,355,,0,,0,,16,,0,,339,,0,,0,
,151324,594,"Indiana U., South Bend",344,,0,,0,,0,,0,,343,,0,,1,
,210438,595,U. Western States,341,,0,,0,,341,,0,,0,,0,,0,
,153384,596,Grinnell C.,340,,0,,0,,188,,12,,139,,1,,0,
,219602,597,Austin Peay State U.,325,,0,,0,,0,,0,,24,,301,,0,
,185262,598,Kean U.,323,,0,,0,,0,,0,,8,,0,,315,
Used Sys Admin Central office,124557,599,"U. California, Office of the President",295,,0,,0,,135,,0,,0,,0,,160,
,203085,600,Heidelberg U.,294,,0,,0,,0,,0,,29,,167,,98,
,171456,601,Northern Michigan U.,288,,0,,0,,81,,0,,113,,0,,94,
,122612,602,U. San Francisco,280,,0,,0,,87,,15,,96,,0,,82,
,238078,603,Wheeling Jesuit U.,276,,0,,0,,268,,8,,0,,0,,0,
,217493,604,Rhode Island School of Design,274,i,0,i,0,i,0,i,0,i,274,i,0,i,0,i
,170639,605,Lake Superior State U.,272,,0,,0,,8,,0,,22,,49,,193,
,228501,605,Sul Ross State U.,272,,0,,0,,0,,0,,0,,26,,246,
,214713,607,"Pennsylvania State U., Harrisburg",270,,0,,0,,36,,0,,40,,52,,142,
,155681,607,Pittsburg State U.,270,,0,,0,,120,,26,,17,,0,,107,
,168005,609,Suffolk U.,253,i,0,i,0,i,73,i,0,i,147,i,0,i,33,i
,441937,610,"California State U., Channel Islands",249,,0,,0,,0,,0,,200,,0,,49,
,172051,611,Saginaw Valley State U.,237,,120,,0,,0,,5,,36,,0,,76,
,110495,612,"California State U., Stanislaus",221,,0,,0,,0,,0,,15,,22,,184,
,186876,612,Stockton U.,221,,0,,0,,42,,0,,0,,0,,179,
,179812,614,Kansas City U. of Medicine and Biosciences,198,,0,,0,,198,,0,,0,,0,,0,
,174914,615,U. of St. Thomas (MN),195,,0,,0,,3,,4,,182,,0,,6,
,159966,616,Nicholls State U.,185,,0,,0,,2,,0,,0,,0,,183,
,137847,617,U. Tampa,184,,0,,0,,0,,47,,137,,0,,0,
,186283,618,Rider U.,179,,0,,0,,130,,0,,24,,25,,0,
,199184,619,"U. North Carolina, general administration",174,,174,,0,,0,,0,,0,,0,,0,
,185572,620,Monmouth U.,173,,0,,0,,0,,0,,0,,0,,173,
,193973,621,Niagara U.,172,,0,,0,,0,,0,,0,,0,,172,
,150455,622,Earlham C.,165,,0,,0,,0,,0,,165,,0,,0,
,195164,623,St. Bonaventure U.,159,,0,,0,,0,,0,,159,,0,,0,
,215123,624,Philadelphia C. of Osteopathic Medicine,150,,0,,0,,150,,0,,0,,0,,0,
,128771,625,Central Connecticut State U.,143,,0,,0,,7,,26,,19,,0,,91,
,159717,626,McNeese State U.,130,,0,,0,,0,,6,,41,,45,,38,
,117627,627,La Sierra U.,127,,0,,0,,0,,0,,12,,0,,115,
,213367,628,La Salle U.,89,i,0,i,0,i,50,i,0,i,39,i,0,i,0,i
,442806,629,Edward Via C. of Osteopathic Medicine,88,,39,,0,,49,,0,,0,,0,,0,
California State U. Maritime,111188,630,California Maritime Academy,71,,0,,0,,0,,0,,10,,0,,61,
,221519,631,Sewanee: U. of the South,61,,0,,0,,0,,0,,59,,0,,2,
,174747,632,C. of Saint Benedict,38,,0,,0,,0,,0,,38,,0,,0,
,451671,633,"U. South Florida, Sarasota-Manatee",31,,0,,0,,0,,0,,0,,0,,31,
,129215,634,Eastern Connecticut State U.,27,,0,,0,,0,,11,,0,,4,,12,
,,,,,,,,,,,,,,,,,,,
,,i = imputed.,,,,,,,,,,,,,,,,,
,,DOD = Department of Defense; DOE = Department of Energy; HHS = Department of Health and Human Services; NASA = National Aeronautics and Space Administration; NSF = National Science Foundation; USDA = Department of Agriculture.,,,,,,,,,,,,,,,,,
,,a Includes all other agencies reported.,,,,,,,,,,,,,,,,,
,,"b Johns Hopkins University includes the Applied Physics Laboratory, with $1,360,173 thousand in federally financed R&D expenditures in FY 2016.",,,,,,,,,,,,,,,,,
,,"NOTES: Agency-specific rankings available in eTables. Institutions reporting zero federal expenditures for FY 2016 are not listed in this table. Tied institutions are ranked alphabetically. Institutions ranked are geographically separate campuses headed by a campus-level president or chancellor. Some campuses are part of large multi-campus universities; some are part of state university systems. For a complete listing of campuses that belong to a larger university or system and their aggregate R&D expenditures, see table 6.",,,,,,,,,,,,,,,,,
,,"SOURCE: National Science Foundation, National Center for Science and Engineering Statistics, Higher Education Research and Development Survey, FY 2016.",,,,,,,,,,,,,,,,,
